{"cameraMode":{"drawMode":0,"name":"Shaded","section":"Shading Mode"},"sceneLighting":false,"audioPlay":false,"sceneViewState":{"showFog":true,"showMaterialUpdate":false,"showSkybox":false,"showFlares":true,"showImageEffects":true,"showParticleSystems":true},"in2DMode":false,"pivot":{"x":-0.09728240966796875,"y":0.0777418315410614,"z":-0.3130972385406494},"rotation":{"x":0.4101594388484955,"y":0.115770623087883,"z":-0.052578896284103397,"w":0.9031126499176025},"size":3.318878173828125,"orthographic":false}